"","Rules","Class Label","Else Class","Performance Score","Performance Score (Class)","Performance Score (Else Class)","NA"
"1189","x$SFRP1<=28.0000000149012 & x$UBE2C>52.0000000149012 & x$MYBL2>38.0000000149012 & x$EXO1>6.00000001490116","BRCA.LumB","BRCA.LumA",0.88125,0.15625,0.725,"x$SFRP1<=28.0000000149012 & x$UBE2C>52.0000000149012 & x$MYBL2>38.0000000149012 & x$EXO1>6.00000001490116"
"475","x$MKI67>78.0000000149012 & x$KRT17<=56.0000000149012 & x$FOXC1<=22.0000000149012 & x$NUF2>20.0000000149012","BRCA.LumB","BRCA.LumA",0.875776397515528,0.152173913043478,0.72360248447205,"x$MKI67>78.0000000149012 & x$KRT17<=56.0000000149012 & x$FOXC1<=22.0000000149012 & x$NUF2>20.0000000149012"
"1423","x$KRT14<=42.0000000149012 & x$MKI67>76.0000000149012 & x$UBE2T>32.0000000149012 & x$ACTR3B<=42.0000000149012","BRCA.LumB","BRCA.LumA",0.86833855799373,0.169278996865204,0.699059561128527,"x$KRT14<=42.0000000149012 & x$MKI67>76.0000000149012 & x$UBE2T>32.0000000149012 & x$ACTR3B<=42.0000000149012"
"999","x$UBE2C>46.0000000149012 & x$MYBL2>66.0000000149012 & x$SFRP1<=52.0000000149012 & x$ANLN>12.0000000149012","BRCA.LumB","BRCA.LumA",0.861198738170347,0.145110410094637,0.71608832807571,"x$UBE2C>46.0000000149012 & x$MYBL2>66.0000000149012 & x$SFRP1<=52.0000000149012 & x$ANLN>12.0000000149012"
"877","x$UBE2C>46.0000000149012 & x$BIRC5>32.0000000149012 & x$KRT14<=64.0000000149012 & x$BCL2<=84.0000000149012","BRCA.LumB","BRCA.LumA",0.861198738170347,0.148264984227129,0.712933753943218,"x$UBE2C>46.0000000149012 & x$BIRC5>32.0000000149012 & x$KRT14<=64.0000000149012 & x$BCL2<=84.0000000149012"
"1905","x$MYBL2>66.0000000149012 & x$EXO1>16.0000000149012 & x$NUF2>20.0000000149012","BRCA.LumB","BRCA.LumA",0.843558282208589,0.131901840490798,0.711656441717791,"x$MYBL2>66.0000000149012 & x$EXO1>16.0000000149012 & x$NUF2>20.0000000149012"
"569","x$SFRP1<=28.0000000149012 & x$ORC6L>18.0000000149012 & x$EXO1>20.0000000149012 & x$ACTR3B>30.0000000149012","BRCA.LumB","BRCA.LumA",0.754601226993865,0.0368098159509202,0.717791411042945,"x$SFRP1<=28.0000000149012 & x$ORC6L>18.0000000149012 & x$EXO1>20.0000000149012 & x$ACTR3B>30.0000000149012"
