"","Rules","Class Label","Else Class","Performance Score","Performance Score (Class)","Performance Score (Else Class)","NA"
"536","x$MYBL2>62.0000000149012 & x$CEP55>34.0000000149012 & x$UBE2C>46.0000000149012","BRCA.LumB","BRCA.LumA",0.881987577639752,0.142857142857143,0.739130434782609,"x$MYBL2>62.0000000149012 & x$CEP55>34.0000000149012 & x$UBE2C>46.0000000149012"
"364","x$MKI67>78.0000000149012 & x$NUF2>22.0000000149012 & x$KRT5<=52.0000000149012","BRCA.LumB","BRCA.LumA",0.878125,0.165625,0.7125,"x$MKI67>78.0000000149012 & x$NUF2>22.0000000149012 & x$KRT5<=52.0000000149012"
"26","x$KRT14<=42.0000000149012 & x$UBE2C>46.0000000149012 & x$FOXC1<=20.0000000149012","BRCA.LumB","BRCA.LumA",0.860182370820669,0.194528875379939,0.665653495440729,"x$KRT14<=42.0000000149012 & x$UBE2C>46.0000000149012 & x$FOXC1<=20.0000000149012"
"1236","x$UBE2C>46.0000000149012 & x$MKI67>74.0000000149012 & x$SFRP1<=32.0000000149012","BRCA.LumB","BRCA.LumA",0.843558282208589,0.138036809815951,0.705521472392638,"x$UBE2C>46.0000000149012 & x$MKI67>74.0000000149012 & x$SFRP1<=32.0000000149012"
"623","x$UBE2C<=50.0000000149012 & x$CDC20>58.0000000149012 & x$MMP11<=98.0000000149012","BRCA.LumB","BRCA.LumA",0.757668711656442,0.00920245398773006,0.748466257668712,"x$UBE2C<=50.0000000149012 & x$CDC20>58.0000000149012 & x$MMP11<=98.0000000149012"
