"","Rules","Class Label","Else Class","Performance Score","Performance Score (Class)","Performance Score (Else Class)","NA"
"784","x$NUF2>24.0000000149012 & x$MKI67>78.0000000149012 & x$FOXC1<=22.0000000149012 & x$KRT17<=62.0000000149012 & x$PTTG1<=72.0000000149012","BRCA.LumB","BRCA.LumA",0.882175226586103,0.157099697885196,0.725075528700906,"x$NUF2>24.0000000149012 & x$MKI67>78.0000000149012 & x$FOXC1<=22.0000000149012 & x$KRT17<=62.0000000149012 & x$PTTG1<=72.0000000149012"
"1762","x$KRT14<=42.0000000149012 & x$MKI67>76.0000000149012 & x$UBE2T>32.0000000149012 & x$FOXC1<=22.0000000149012 & x$ACTR3B<=42.0000000149012","BRCA.LumB","BRCA.LumA",0.880877742946708,0.169278996865204,0.711598746081505,"x$KRT14<=42.0000000149012 & x$MKI67>76.0000000149012 & x$UBE2T>32.0000000149012 & x$FOXC1<=22.0000000149012 & x$ACTR3B<=42.0000000149012"
"1621","x$SFRP1<=34.0000000149012 & x$MKI67>78.0000000149012 & x$KRT17<=58.0000000149012 & x$CENPF>68.0000000149012","BRCA.LumB","BRCA.LumA",0.873015873015873,0.146031746031746,0.726984126984127,"x$SFRP1<=34.0000000149012 & x$MKI67>78.0000000149012 & x$KRT17<=58.0000000149012 & x$CENPF>68.0000000149012"
"1239","x$UBE2C>46.0000000149012 & x$MYBL2>66.0000000149012 & x$CEP55>32.0000000149012 & x$BAG1<=84.0000000149012","BRCA.LumB","BRCA.LumA",0.867507886435331,0.129337539432177,0.738170347003155,"x$UBE2C>46.0000000149012 & x$MYBL2>66.0000000149012 & x$CEP55>32.0000000149012 & x$BAG1<=84.0000000149012"
"1055","x$KRT14<=38.0000000149012 & x$MYBL2>60.0000000149012 & x$UBE2C>46.0000000149012","BRCA.LumB","BRCA.LumA",0.854984894259819,0.148036253776435,0.706948640483384,"x$KRT14<=38.0000000149012 & x$MYBL2>60.0000000149012 & x$UBE2C>46.0000000149012"
"2675","x$KRT14<=26.0000000149012 & x$NUF2>26.0000000149012 & x$MYBL2>48.0000000149012 & x$ORC6L>10.0000000149012 & x$SFRP1<=48.0000000149012","BRCA.LumB","BRCA.LumA",0.837920489296636,0.140672782874618,0.697247706422018,"x$KRT14<=26.0000000149012 & x$NUF2>26.0000000149012 & x$MYBL2>48.0000000149012 & x$ORC6L>10.0000000149012 & x$SFRP1<=48.0000000149012"
"2483","x$UBE2C<=54.0000000149012 & x$ORC6L>16.0000000149012 & x$EXO1>20.0000000149012 & x$RRM2>60.0000000149012 & x$MYBL2>28.0000000149012","BRCA.LumB","BRCA.LumA",0.751552795031056,0.0590062111801242,0.692546583850932,"x$UBE2C<=54.0000000149012 & x$ORC6L>16.0000000149012 & x$EXO1>20.0000000149012 & x$RRM2>60.0000000149012 & x$MYBL2>28.0000000149012"
