"","Rules","Class Label"
"252","x$ESR1<=82.0000000149012 & x$FOXC1>16.0000000149012 & x$BIRC5>12.0000000149012","BRCA.Basal"
"2","x$GPR160<=24.0000000149012 & x$SLC39A6>90.0000000149012 & x$BIRC5<=30.0000000149012","BRCA.Her2"
"4","x$GPR160>24.0000000149012 & x$CCNE1<=12.0000000149012 & x$CXXC5<=78.0000000149012 & x$NAT1<=6.00000001490116","BRCA.LumA"
"7","x$GPR160>24.0000000149012 & x$CCNE1<=12.0000000149012 & x$CXXC5>78.0000000149012 & x$KRT14>8.00000001490116","BRCA.LumB"
"17","x$MELK>36.0000000149012 & x$CXXC5<=44.0000000149012 & x$NAT1>20.0000000149012","BRCA.Normal"
