"","Rules","Class Label"
"207","x$ESR1<=64.0000000149012 & x$FOXC1>6.00000001490116","BRCA.Basal"
"2","x$CENPF<=86.0000000149012 & x$KRT5<=24.0000000149012 & x$SLC39A6>90.0000000149012 & x$TYMS<=52.0000000149012","BRCA.LumA"
"3","x$CENPF<=86.0000000149012 & x$KRT5<=24.0000000149012 & x$SLC39A6>90.0000000149012 & x$TYMS>52.0000000149012","BRCA.LumB"
"49","x$CXXC5>34.0000000149012 & x$CDC6<=54.0000000149012 & x$BCL2>22.0000000149012 & x$RRM2>78.0000000149012","BRCA.Her2"
"59","x$ESR1>38.0000000149012 & x$KRT14>12.0000000149012 & x$GPR160>24.0000000149012 & x$KRT14>90.0000000149012","BRCA.Normal"
